,age,duration,campaign,pdays,previous,emp.var.rate,cons.price.idx,cons.conf.idx,euribor3m,nr.employed,ingresos_anuales,ninos_en_hogar,adolescentes_en_hogar,visitas_web_mensuales,y_binaria
age,1.0,0.001,0.005,-0.033,0.021,-0.003,0.0,0.123,0.006,-0.019,0.001,0.001,-0.001,-0.004,0.031
duration,0.001,1.0,-0.072,-0.048,0.021,-0.027,0.006,-0.008,-0.03,-0.044,-0.003,-0.001,-0.006,0.001,0.405
campaign,0.005,-0.072,1.0,0.053,-0.08,0.152,0.128,-0.013,0.116,0.145,-0.004,-0.007,0.001,0.004,-0.066
pdays,-0.033,-0.048,0.053,1.0,-0.589,0.271,0.077,-0.092,0.26,0.373,0.004,0.001,0.005,-0.002,-0.327
previous,0.021,0.021,-0.08,-0.589,1.0,-0.419,-0.2,-0.049,-0.386,-0.502,-0.003,-0.001,-0.003,-0.002,0.233
emp.var.rate,-0.003,-0.027,0.152,0.271,-0.419,1.0,0.771,0.192,0.816,0.907,-0.009,-0.004,0.001,-0.007,-0.298
cons.price.idx,0.0,0.006,0.128,0.077,-0.2,0.771,1.0,0.056,0.57,0.519,-0.011,0.001,0.004,-0.004,-0.135
cons.conf.idx,0.123,-0.008,-0.013,-0.092,-0.049,0.192,0.056,1.0,0.23,0.097,0.002,-0.002,0.001,0.007,0.057
euribor3m,0.006,-0.03,0.116,0.26,-0.386,0.816,0.57,0.23,1.0,0.796,-0.003,-0.007,-0.002,-0.003,-0.266
nr.employed,-0.019,-0.044,0.145,0.373,-0.502,0.907,0.519,0.097,0.796,1.0,-0.004,-0.007,-0.001,-0.01,-0.356
ingresos_anuales,0.001,-0.003,-0.004,0.004,-0.003,-0.009,-0.011,0.002,-0.003,-0.004,1.0,0.001,0.006,0.002,-0.005
ninos_en_hogar,0.001,-0.001,-0.007,0.001,-0.001,-0.004,0.001,-0.002,-0.007,-0.007,0.001,1.0,-0.001,-0.006,0.0
adolescentes_en_hogar,-0.001,-0.006,0.001,0.005,-0.003,0.001,0.004,0.001,-0.002,-0.001,0.006,-0.001,1.0,-0.003,-0.001
visitas_web_mensuales,-0.004,0.001,0.004,-0.002,-0.002,-0.007,-0.004,0.007,-0.003,-0.01,0.002,-0.006,-0.003,1.0,0.001
y_binaria,0.031,0.405,-0.066,-0.327,0.233,-0.298,-0.135,0.057,-0.266,-0.356,-0.005,0.0,-0.001,0.001,1.0
